Datetime,Water Level (m)
2025-11-12 06:00:00,-0.3413735
2025-11-12 07:00:00,-0.058922615
2025-11-12 08:00:00,0.2296827
2025-11-12 09:00:00,0.4269426
2025-11-12 10:00:00,0.4788852
2025-11-12 11:00:00,0.3911907
2025-11-12 12:00:00,0.18320476
2025-11-12 13:00:00,-0.08470631
2025-11-12 14:00:00,-0.3470558
2025-11-12 15:00:00,-0.54092413
2025-11-12 16:00:00,-0.5866534
2025-11-12 17:00:00,-0.4308543
2025-11-12 18:00:00,-0.19124667
2025-11-12 19:00:00,0.10295425
2025-11-12 20:00:00,0.38382494
2025-11-12 21:00:00,0.57458913
2025-11-12 22:00:00,0.621478
2025-11-12 23:00:00,0.5501697
2025-11-13 00:00:00,0.3819966
2025-11-13 01:00:00,0.13495494
2025-11-13 02:00:00,-0.14305031
2025-11-13 03:00:00,-0.40962437
2025-11-13 04:00:00,-0.6293914
2025-11-13 05:00:00,-0.7333107
2025-11-13 06:00:00,-0.68395734
2025-11-13 07:00:00,-0.43709484
2025-11-13 08:00:00,-0.12607872
2025-11-13 09:00:00,0.19625948
2025-11-13 10:00:00,0.40206403
2025-11-13 11:00:00,0.4849599
2025-11-13 12:00:00,0.4465402
2025-11-13 13:00:00,0.293232
2025-11-13 14:00:00,0.058432292
2025-11-13 15:00:00,-0.19209936
2025-11-13 16:00:00,-0.3995899
2025-11-13 17:00:00,-0.5135848
2025-11-13 18:00:00,-0.48932204
2025-11-13 19:00:00,-0.3163183
2025-11-13 20:00:00,-0.0504761
2025-11-13 21:00:00,0.22873636
2025-11-13 22:00:00,0.47000772
2025-11-13 23:00:00,0.5767545
2025-11-14 00:00:00,0.5598354
2025-11-14 01:00:00,0.42174453
2025-11-14 02:00:00,0.170015
2025-11-14 03:00:00,-0.12292565
2025-11-14 04:00:00,-0.41090813
2025-11-14 05:00:00,-0.6519687
2025-11-14 06:00:00,-0.77353686
2025-11-14 07:00:00,-0.7286698
2025-11-14 08:00:00,-0.46742824
2025-11-14 09:00:00,-0.13611428
2025-11-14 10:00:00,0.2214592
2025-11-14 11:00:00,0.46910465
2025-11-14 12:00:00,0.58387125
2025-11-14 13:00:00,0.5696841
2025-11-14 14:00:00,0.41897282
2025-11-14 15:00:00,0.15822446
2025-11-14 16:00:00,-0.124644116
2025-11-14 17:00:00,-0.37572178
2025-11-14 18:00:00,-0.54202414
2025-11-14 19:00:00,-0.58485276
2025-11-14 20:00:00,-0.43498036
2025-11-14 21:00:00,-0.16589853
2025-11-14 22:00:00,0.15970762
2025-11-14 23:00:00,0.44129562
2025-11-15 00:00:00,0.5856807
2025-11-15 01:00:00,0.57910466
2025-11-15 02:00:00,0.42835775
2025-11-15 03:00:00,0.14973542
2025-11-15 04:00:00,-0.16855522
2025-11-15 05:00:00,-0.4790255
2025-11-15 06:00:00,-0.7264279
2025-11-15 07:00:00,-0.8444867
2025-11-15 08:00:00,-0.7747992
2025-11-15 09:00:00,-0.45318732
2025-11-15 10:00:00,-0.08413319
2025-11-15 11:00:00,0.3168471
2025-11-15 12:00:00,0.59733367
2025-11-15 13:00:00,0.7251802
2025-11-15 14:00:00,0.6949461
2025-11-15 15:00:00,0.5003363
2025-11-15 16:00:00,0.18403089
2025-11-15 17:00:00,-0.15282668
2025-11-15 18:00:00,-0.4443853
2025-11-15 19:00:00,-0.6444504
2025-11-15 20:00:00,-0.6824847
2025-11-15 21:00:00,-0.5083202
2025-11-15 22:00:00,-0.19478033
2025-11-15 23:00:00,0.15828411
2025-11-16 00:00:00,0.46638703
2025-11-16 01:00:00,0.62348133
2025-11-16 02:00:00,0.6114395
2025-11-16 03:00:00,0.42035693
2025-11-16 04:00:00,0.096878864
2025-11-16 05:00:00,-0.25972915
2025-11-16 06:00:00,-0.5950164
2025-11-16 07:00:00,-0.8390026
2025-11-16 08:00:00,-0.9235333
2025-11-16 09:00:00,-0.7460345
2025-11-16 10:00:00,-0.346629
2025-11-16 11:00:00,0.040596716
2025-11-16 12:00:00,0.47522366
2025-11-16 13:00:00,0.7474034
2025-11-16 14:00:00,0.8327594
2025-11-16 15:00:00,0.7464981
2025-11-16 16:00:00,0.4773145
2025-11-16 17:00:00,0.118393645
2025-11-16 18:00:00,-0.2501253
2025-11-16 19:00:00,-0.55712295
2025-11-16 20:00:00,-0.75336474
2025-11-16 21:00:00,-0.7617364
2025-11-16 22:00:00,-0.5026507
2025-11-16 23:00:00,-0.1290438
2025-11-17 00:00:00,0.275648
2025-11-17 01:00:00,0.57562697
2025-11-17 02:00:00,0.6880977
2025-11-17 03:00:00,0.60881466
2025-11-17 04:00:00,0.33167523
2025-11-17 05:00:00,-0.03125391
2025-11-17 06:00:00,-0.40586936
2025-11-17 07:00:00,-0.74079514
2025-11-17 08:00:00,-0.9390645
2025-11-17 09:00:00,-0.91511804
2025-11-17 10:00:00,-0.6297524
2025-11-17 11:00:00,-0.20196812
2025-11-17 12:00:00,0.26521948
2025-11-17 13:00:00,0.6727616
2025-11-17 14:00:00,0.9013193
2025-11-17 15:00:00,0.933812
2025-11-17 16:00:00,0.76159406
2025-11-17 17:00:00,0.4013586
2025-11-17 18:00:00,-0.0056230114
2025-11-17 19:00:00,-0.39791057
2025-11-17 20:00:00,-0.7132806
2025-11-17 21:00:00,-0.8752917
2025-11-17 22:00:00,-0.79134625
2025-11-17 23:00:00,-0.40834942
2025-11-18 00:00:00,-0.015499098
2025-11-18 01:00:00,0.4142194
2025-11-18 02:00:00,0.67319375
2025-11-18 03:00:00,0.71150196
2025-11-18 04:00:00,0.5349413
2025-11-18 05:00:00,0.18712036
2025-11-18 06:00:00,-0.20335971
